{"cameraMode":{"drawMode":0,"name":"Shaded","section":"Shading Mode"},"sceneLighting":false,"audioPlay":false,"sceneViewState":{"showFog":true,"showMaterialUpdate":false,"showSkybox":true,"showFlares":true,"showImageEffects":true,"showParticleSystems":true},"in2DMode":false,"pivot":{"x":-1.1770581007003785,"y":0.1606704592704773,"z":0.00858856737613678},"rotation":{"x":0.24806465208530427,"y":0.49477753043174746,"z":-0.14981265366077424,"w":0.8192811608314514},"size":1.0939561128616334,"orthographic":false}