{"cameraMode":{"drawMode":0,"name":"Shaded","section":"Shading Mode"},"sceneLighting":false,"audioPlay":false,"sceneViewState":{"showFog":true,"showMaterialUpdate":false,"showSkybox":true,"showFlares":true,"showImageEffects":true,"showParticleSystems":true},"in2DMode":false,"pivot":{"x":-0.3345654010772705,"y":0.7100051045417786,"z":0.17298823595046998},"rotation":{"x":0.06257899105548859,"y":0.691207230091095,"z":-0.06029486283659935,"w":0.7174152731895447},"size":1.166153073310852,"orthographic":false}