{"cameraMode":{"drawMode":0,"name":"Shaded","section":"Shading Mode"},"sceneLighting":false,"audioPlay":false,"sceneViewState":{"showFog":true,"showMaterialUpdate":false,"showSkybox":true,"showFlares":true,"showImageEffects":true,"showParticleSystems":true},"in2DMode":false,"pivot":{"x":-2.6168296337127687,"y":0.6499999761581421,"z":-0.07053852081298828},"rotation":{"x":0.32518383860588076,"y":0.3599626123905182,"z":-0.13549713790416718,"w":0.8639029860496521},"size":1.7147303819656373,"orthographic":false}